timestamp,rss_kb,vsz_kb
1746431731,  6256 410090656
1746431731, 14752 410237456
1746431731, 18624 410389344
1746431731, 65328 410596832
1746431731,109056 410753792
1746431731,150208 411414560
1746431731,150240 411414560
1746431731,150288 411414560
1746431731,153328 411414560
1746431731,160304 415813088
1746431731,160304 415813088
1746431731,160304 415813088
1746431732,160304 415813088
1746431732,160304 415813088
1746431732,160304 415813088
1746431732,160304 415813088
1746431732,160304 415813088
1746431732,160304 415813088
1746431732,160304 415813088
1746431732,160304 415813088
1746431732,160304 415813088
1746431732,160304 415813088
1746431732,160304 415813088
1746431732,160304 415813088
1746431732,160304 415813088
1746431732,160304 415813088
1746431732,126432 415813088
1746431732,126432 415813088
1746431732,126432 415813088
1746431732,126432 415813088
1746431732,126432 415813088
1746431732,126432 415813088
1746431732,126432 415813088
1746431732,123536 415813088
1746431732,123536 415813088
1746431732,123504 415813088
1746431732,123504 415813088
1746431732,123504 415813088
1746431732,123504 415813088
1746431732,123504 415813088
1746431732,123504 415813088
1746431732,121712 415813088
1746431732,121712 415813088
1746431732,133728 415814336
1746431732,151920 415890192
1746431732,151936 415890192
1746431732,151936 415890192
1746431732,151936 415890192
1746431732,151936 415890192
1746431732,151936 415890192
1746431732,151936 415890192
1746431732,151936 415890192
1746431732,152080 415890192
1746431732,152480 415890192
1746431732,152496 415890192
1746431733,152528 415890192
1746431733,152544 415890192
1746431733,152576 415890208
1746431733,152576 415890192
1746431733,152592 415890192
1746431733,152608 415890192
1746431733,152624 415890192
1746431733,152624 415890192
1746431733,152640 415890192
1746431733,152656 415890192
1746431733,152656 415890192
